countryname, iso
Afghanistan,AF
Albania,AL
Algeria,DZ
Andorra,AD
Angola,AO
Anguilla,AI
Antigua and Barbuda,AG
Argentina,AR
Armenia,AM
Aruba,AW
Australia,AU
Austria,AT
Azerbaijan,AZ
Bahamas,BS
Bahrain,BH
Bangladesh,BD
Barbados,BB
Belarus,BY
Belgium,BE
Belize,BZ
Benin,BJ
Bermuda,BM
Bhutan,BT
Bolivia,BO
Bosnia,BA
Botswana,BW
Brazil,BR
British Virgin Islands,VG
Brunei,BN
Bulgaria,BG
Burkina Faso,BF
Burundi,BI
Cabo Verde,CV
Cambodia,KH
Cameroon,CM
Canada,CA
Caribbean Netherlands,BQ
Cayman Islands,KY
Central African Republic,CF
Chad,TD
Channel Islands,JE
Chile,CL
China,CN
Colombia,CO
Comoros,KM
Congo,CG
Costa Rica,CR
Croatia,HR
Cuba,CU
Curaçao,CW
Cyprus,CY
Czechia,CZ
Côte d'Ivoire,CI
DRC,CD
Denmark,DK
Diamond Princess,None
Djibouti,DJ
Dominica,DM
Dominican Republic,DO
Ecuador,EC
Egypt,EG
El Salvador,SV
Equatorial Guinea,GQ
Eritrea,ER
Estonia,EE
Ethiopia,ET
Falkland Islands (Malvinas),FK
Faroe Islands,FO
Fiji,FJ
Finland,FI
France,FR
French Guiana,GF
French Polynesia,PF
Gabon,GA
Gambia,GM
Georgia,GE
Germany,DE
Ghana,GH
Gibraltar,GI
Greece,GR
Greenland,GL
Grenada,GD
Guadeloupe,GP
Guatemala,GT
Guinea,GN
Guinea-Bissau,GW
Guyana,GY
Haiti,HT
Holy See (Vatican City State),VA
Honduras,HN
Hong Kong,HK
Hungary,HU
Iceland,IS
India,IN
Indonesia,ID
Iran,IR
Iraq,IQ
Ireland,IE
Isle of Man,IM
Israel,IL
Italy,IT
Jamaica,JM
Japan,JP
Jordan,JO
Kazakhstan,KZ
Kenya,KE
Kuwait,KW
Kyrgyzstan,KG
Lao People's Democratic Republic,LA
Latvia,LV
Lebanon,LB
Lesotho,LS
Liberia,LR
Libyan Arab Jamahiriya,LY
Liechtenstein,LI
Lithuania,LT
Luxembourg,LU
MS Zaandam,None
Macao,MO
Macedonia,MK
Madagascar,MG
Malawi,MW
Malaysia,MY
Maldives,MV
Mali,ML
Malta,MT
Marshall Islands,MH
Martinique,MQ
Mauritania,MR
Mauritius,MU
Mayotte,YT
Mexico,MX
Micronesia,FM
Moldova,MD
Monaco,MC
Mongolia,MN
Montenegro,ME
Montserrat,MS
Morocco,MA
Mozambique,MZ
Myanmar,MM
Namibia,NA
Nepal,NP
Netherlands,NL
New Caledonia,NC
New Zealand,NZ
Nicaragua,NI
Niger,NE
Nigeria,NG
Norway,NO
Oman,OM
Pakistan,PK
Palestine,PS
Panama,PA
Papua New Guinea,PG
Paraguay,PY
Peru,PE
Philippines,PH
Poland,PL
Portugal,PT
Qatar,QA
Romania,RO
Russia,RU
Rwanda,RW
Réunion,RE
S. Korea,KR
Saint Helena,SH
Saint Kitts and Nevis,KN
Saint Lucia,LC
Saint Martin,MF
Saint Pierre Miquelon,PM
Saint Vincent and the Grenadines,VC
Samoa,WS
San Marino,SM
Sao Tome and Principe,ST
Saudi Arabia,SA
Senegal,SN
Serbia,RS
Seychelles,SC
Sierra Leone,SL
Singapore,SG
Sint Maarten,SX
Slovakia,SK
Slovenia,SI
Solomon Islands,SB
Somalia,SO
South Africa,ZA
South Sudan,SS
Spain,ES
Sri Lanka,LK
St. Barth,BL
Sudan,SD
Suriname,SR
Swaziland,SZ
Sweden,SE
Switzerland,CH
Syrian Arab Republic,SY
Taiwan,TW
Tajikistan,TJ
Tanzania,TZ
Thailand,TH
Timor-Leste,TL
Togo,TG
Trinidad and Tobago,TT
Tunisia,TN
Turkey,TR
Turks and Caicos Islands,TC
UAE,AE
UK,GB
USA,US
Uganda,UG
Ukraine,UA
Uruguay,UY
Uzbekistan,UZ
Vanuatu,VU
Venezuela,VE
Vietnam,VN
Wallis and Futuna,WF
Western Sahara,EH
Yemen,YE
Zambia,ZM
Zimbabwe,ZW